<project name="call-webtest" basedir="." default="call">

    <property name="pluginHome" value="to be overidden from caller" />
    <property name="grailsHome" value="to be overidden from caller" />

    <target name="call">

        <!-- start Groovy from Java to allow classpath tinkering that avoids-->
        <!-- version conflicts between Grails and WebTest 3rd party jars-->
        <java fork="true" classname="groovy.ui.GroovyMain" failonerror="true">
            <arg value="${basedir}/webtest/tests/TestSuite.groovy" />
            <classpath>
                <pathelement location="${basedir}/webtest/tests"/>
                <pathelement location="${pluginHome}/src/groovy"/>
                <pathelement location="${pluginHome}/test/webtest"/>
                <pathelement location="${pluginHome}/test/webtest/lib"/>
                <fileset dir="${pluginHome}/test/webtest/lib" includes='*.jar'/>
                <fileset dir="${grailsHome}/lib" includes='commons-cli*.jar'/>
            </classpath>
        </java>

    </target>

</project>